Name, Country, City
Colonia del Sacramento, Uruguay, City
Trinidad, Uruguay, City
Fray Bentos, Uruguay, City
Canelones, Uruguay, City
Florida, Uruguay, City
Bassar, Togo, City
Sotouboua, Togo, City
Medenine, Tunisia, City
Kebili, Tunisia, City
Tataouine, Tunisia, City
L'Ariana, Tunisia, City
Jendouba, Tunisia, City
Kasserine, Tunisia, City
Sdid Bouzid, Tunisia, City
Siliana, Tunisia, City
Mahdia, Tunisia, City
Monastir, Tunisia, City 
Zaghouan, Tunisia, City
Tay Ninh, Vietnam, City
Luan Chau, Vietnam, City
Bac Kan, Vietnam, City
Lang Son, Vietnam, City
Son La, Vietnam, City
Tuyen Quang, Vietnam, City
Ye Hai Duong, Vietnam, City
Thai Binh, Vietnam, City
Tuy Hoa, Vietnam, City
Maharstra,India,State
Ahmedabad,India,City
New-Zealand,New-Zealand,country
Mumbai, India, city
Delhi, India, city
Bangalore, India, city
Hyderabad, India, city
Ahmedabad, India, city
Chennai, India, city
Kolkata, India, city
Surat, India, city
Pune, India, city
Jaipur, India, city
Lucknow, India, city
Kanpur, India, city
Nagpur, India, city
Indore, India, city
Thane, India, city
Bhopal, India, city
Visakhapatnam, India, city
Pimpri-Chinchwad, India, city
Patna, India, city
Vadodara, India, city
Ghaziabad, India, city
Ludhiana, India, city
Agra, India, city
Nashik, India, city
Faridabad, India, city
Meerut, India, city
Rajkot, India, city
Kalyan-Dombivali, India, city
Vasai-Virar, India, city
Varanasi, India, city
Srinagar, India, city
Aurangabad, India, city
Dhanbad, India, city
Amritsar, India, city
Navi Mumbai, India, city
Allahabad, India, city
Ranchi, India, city
Howrah, India, city
Jabalpur, India, city
Gwalior, India, city
Jodhpur, India, city
Raipur, India, city
Kota, India, city
Guwahati, India, city
Chandigarh, India, city
Solapur, India, city
Hubballi-Dharwad, India, city
Bareilly, India, city
Moradabad, India, city
Mysore, India, city
Gurgaon, India, city
Aligarh, India, city
Jalandhar, India, city
Tiruchirappalli, India, city
Bhubaneswar, India, city
Salem, India, city
Mira-Bhayandar, India, city
Warangal, India, city
Thiruvananthapuram, India, city
Guntur, India, city
Bhiwandi, India, city
Saharanpur, India, city
Gorakhpur, India, city
Bikaner, India, city
Amravati, India, city
Noida, India, city
Jamshedpur, India, city
Bhilai Nagar, India, city
Cuttack, India, city
Kochi, India, city
Udaipur, India, city
Bhavnagar, India, city
Dehradun, India, city
Asansol, India, city
Nanded, India, city
Ajmer, India, city
Jamnagar, India, city
Ujjain, India, city
Sangli-Miraj & Kupwad, India, city
Loni, India, city
Jhansi, India, city
Pondicherry, India, city
Nellore, India, city
Jammu, India, city
Belagavi, India, city
Raurkela, India, city
Mangaluru, India, city
Tirunelveli, India, city
Malegaon, India, city
Gaya, India, city
Tiruppur, India, city
Davanagere, India, city
Kozhikode, India, city
Akola, India, city
Kurnool, India, city
Bokaro Steel City, India, city
Rajahmundry, India, city
Ballari, India, city
Agartala, India, city
Bhagalpur, India, city
Latur, India, city
Dhule, India, city
Korba, India, city
Bhilwara, India, city
Brahmapur, India, city
Mysuru, India, city
Muzaffarpur, India, city
Ahmednagar, India, city
Kollam, India, city
Raghunathganj, India, city
Bilaspur, India, city
Shahjahanpur, India, city
Thrissur, India, city
Alwar, India, city
Kakinada, India, city
Nizamabad, India, city
Sagar, India, city
Tumkur, India, city
Hisar, India, city
Rohtak, India, city
Panipat, India, city
Darbhanga, India, city
Kharagpur, India, city
Aizawl, India, city
Ichalkaranji, India, city
Tirupati, India, city
Karnal, India, city
Bathinda, India, city
Rampur, India, city
Shivamogga, India, city
Chandrapur, India, city
Junagadh, India, cityp
Andaman and Nicobar Islands, India, Union Territory
Chandigarh, India, Union Territory
Dadra and Nagar Haveli and Daman and Diu, India, Union Territory
Lakshadweep, India, Union Territory
New Delhi, India, Union Territory
Puducherry, India, Union Territory
Andhra Pradesh, India, state
Arunachal Pradesh, India, state
Assam, India, state
Bihar, India, state
Chhattisgarh, India, state
Goa, India, state
Gujarat, India, state
Haryana, India, state
Himachal Pradesh, India, state
Jharkhand, India, state
Karnataka, India, state
Kerala, India, state
Madhya Pradesh, India, state
Maharashtra, India, state
Manipur, India, state
Meghalaya, India, state
Mizoram, India, state
Nagaland, India, state
Odisha, India, state
Punjab, India, state
Rajasthan, India, state
Sikkim, India, state
Tamil Nadu, India, state
Telangana, India, state
Tripura, India, state
Uttar Pradesh, India, state
Uttarakhand, India, state
West Bengal, India, state
New York, USA, City
Los Angeles, USA, City
Chicago, USA, City
Houston, USA, City
Phoenix, USA, City
Philadelphia, USA, City
San Antonio, USA, City
San Diego, USA, City
Dallas, USA, City
San Jose, USA, City
Austin, USA, City
Jacksonville, USA, City
San Francisco, USA, City
Indianapolis, USA, City
Columbus, USA, City
Fort Worth, USA, City
Charlotte, USA, City
Seattle, USA, City
Denver, USA, City
El Paso, USA, City
Detroit, USA, City
Washington, USA, City
Boston, USA, City
Memphis, USA, City
Nashville, USA, City
Portland, USA, City
Oklahoma City, USA, City
Las Vegas, USA, City
Baltimore, USA, City
Louisville, USA, City
Milwaukee, USA, City
Albuquerque, USA, City
Tucson, USA, City
Fresno, USA, City
Sacramento, USA, City
Kansas City, USA, City
Long Beach, USA, City
Mesa, USA, City
Atlanta, USA, City
Colorado Springs, USA, City
Virginia Beach, USA, City
Raleigh, USA, City
Omaha, USA, City
Miami, USA, City
Oakland, USA, City
Minneapolis, USA, City
Tulsa, USA, City
Wichita, USA, City
New Orleans, USA, City
Arlington, USA, City
Cleveland, USA, City
Bakersfield, USA, City
Tampa, USA, City
Aurora, USA, City
Honolulu, USA, City
Anaheim, USA, City
Santa Ana, USA, City
Corpus Christi, USA, City
Riverside, USA, City
Lexington, USA, City
Stockton, USA, City
Henderson, USA, City
Saint Paul, USA, City
St. Louis, USA, City
Cincinnati, USA, City
Pittsburgh, USA, City
Greensboro, USA, City
Anchorage, USA, City
Plano, USA, City
Lincoln, USA, City
Orlando, USA, City
Irvine, USA, City
Newark, USA, City
Durham, USA, City
Chula Vista, USA, City
Toledo, USA, City
Fort Wayne, USA, City
St. Petersburg, USA, City
Laredo, USA, City
Jersey City, USA, City
Chandler, USA, City
Madison, USA, City
Lubbock, USA, City
Scottsdale, USA, City
Reno, USA, City
Buffalo, USA, City
Gilbert, USA, City
Glendale, USA, City
North Las Vegas, USA, City
Winston-Salem, USA, City
Chesapeake, USA, City
Norfolk, USA, City
Fremont, USA, City
Garland, USA, City
Irving, USA, City
Hialeah, USA, City
Boise, USA, City
Richmond, USA, City
Baton Rouge, USA, City
Spokane, USA, City
Des Moines, USA, City
Tacoma, USA, City
San Bernardino, USA, City
Modesto, USA, City
Fontana, USA, City
Santa Clarita, USA, City
Birmingham, USA, City
Oxnard, USA, City
Fayetteville, USA, City
Moreno Valley, USA, City
Rochester, USA, City
Glendale, USA, City
Huntington Beach, USA, City
Salt Lake City, USA, City
Grand Rapids, USA, City
Amarillo, USA, City
Yonkers, USA, City
Aurora, USA, City
Montgomery, USA, City
Akron, USA, City
Little Rock, USA, City
Huntsville, USA, City
Augusta, USA, City
Port St. Lucie, USA, City
Grand Prairie, USA, City
Columbus, USA, City
Tallahassee, USA, City
Overland Park, USA, City
Tempe, USA, City
McKinney, USA, City
Mobile, USA, City
Cape Coral, USA, City
Shreveport, USA, City
Frisco, USA, City
Knoxville, USA, City
Worcester, USA, City
Brownsville, USA, City
Vancouver, USA, City
Fort Lauderdale, USA, City
Sioux Falls, USA, City
Ontario, USA, City
Chattanooga, USA, City
Providence, USA, City
Newport News, USA, City
Rancho Cucamonga, USA, City
Oceanside, USA, City
Santa Rosa, USA, City
Concord, USA, City
Portsmouth, USA, City
Lancaster, USA, City
Palmdale, USA, City
Naperville, USA, City
Escondido, USA, City
Sunnyvale, USA, City
Dayton, USA, City
Cary, USA, City
Fullerton, USA, City
Orange, USA, City
Thornton, USA, City
Miramar, USA, City
West Valley City, USA, City
Roseville, USA, City
Denton, USA, City
Waco, USA, City
Independence, USA, City
Victorville, USA, City
Manchester, USA, City
El Monte, USA, City
Stamford, USA, City
Midland, USA, City
Surprise, USA, City
Gainesville, USA, City
Visalia, USA, City
Clarksville, USA, City
Kent, USA, City
Peoria, USA, City
Lansing, USA, City
Ann Arbor, USA, City
Berkeley, USA, City
Santa Clara, USA, City
Fort Collins, USA, City
Daly City, USA, City
Burbank, USA, City
Richardson, USA, City
Pomona, USA, City
North Charleston, USA, City
Broken Arrow, USA, City
Boulder, USA, City
West Palm Beach, USA, City
Santa Maria, USA, City
El Cajon, USA, City
Davenport, USA, City
Rialto, USA, City
Las Cruces, USA, City
San Mateo, USA, City
Lewisville, USA, City
South Bend, USA, City
Lakeland, USA, City
Erie, USA, City
Tyler, USA, City
Pearland, USA, City
College Station, USA, City
Kenosha, USA, City
Sandy Springs, USA, City
Clovis, USA, City
Flint, USA, City
Roanoke, USA, City
Albany, USA, City
Jurupa Valley, USA, City
Compton, USA, City
San Angelo, USA, City
Hillsboro, USA, City
Lawton, USA, City
Renton, USA, City
Vista, USA, City
Davie, USA, City
Greeley, USA, City
Mission Viejo, USA, City
Portsmouth, USA, City
Dearborn, USA, City
South Gate, USA, City
Tuscaloosa, USA, City
Livonia, USA, City
New Bedford, USA, City
Vacaville, USA, City
Brockton, USA, City
Roswell, USA, City
Beaverton, USA, City
Quincy, USA, City
Sparks, USA, City
Yakima, USA, City
Lee's Summit, USA, City
Federal Way, USA, City
Carson, USA, City
Santa Monica, USA, City
Hesperia, USA, City
Allen, USA, City
Rio Rancho, USA, City
Yuma, USA, City
Westminster, USA, City
Orem, USA, City
Lynn, USA, City
Redding, USA, City
Spokane Valley, USA, City
Miami Beach, USA, City
Indio, USA, City
Nampa, USA, City
Bloomington, USA, City
Deltona, USA, City
Hawthorne, USA, City
Duluth, USA, City
Carmel, USA, City
Suffolk, USA, City
Clifton, USA, City
Citrus Heights, USA, City
Livermore, USA, City
Tracy, USA, City
Alhambra, USA, City
Kirkland, USA, City
Trenton, USA, City
Camden, USA, City
St. Cloud, USA, City
Menifee, USA, City
Westland, USA, City
Perris, USA, City
Covina, USA, City
Bellflower, USA, City
Apex, USA, City
Bend, USA, City
Roswell, USA, City
Yorba Linda, USA, City
North Bergen, USA, City
Trenton, USA, City
Bellingham, USA, City
Madera, USA, City
Wellington, USA, City
Springdale, USA, City
Bedford, USA, City
Milpitas, USA, City
Elizabeth, USA, City
Oak Park, USA, City
Loveland, USA, City
Hamilton, USA, City
Montebello, USA, City
Encinitas, USA, City
Baytown, USA, City
Decatur, USA, City
Schaumburg, USA, City
Woodbury, USA, City
Eagan, USA, City
Moore, USA, City
Huntington Park, USA, City
Torrance, USA, City
Kissimmee, USA, City
Flower Mound, USA, City
Jupiter, USA, City
Moore, USA, City
Placentia, USA, City
Bristol, USA, City
Tustin, USA, City
Palm Desert, USA, City
St. Louis Park, USA, City
New Braunfels, USA, City
Goodyear, USA, City
Santa Fe, USA, City
Meridian, USA, City
Romeoville, USA, City
Concord, USA, City
Carlsbad, USA, City
Canton, USA, City
Avondale, USA, City
Lake Forest, USA, City
Woodland, USA, City
Baldwin Park, USA, City
Waukesha, USA, City
Pontiac, USA, City
Mount Pleasant, USA, City
Jackson, USA, City
Georgetown, USA, City
Scottsdale, USA, City
Naperville, USA, City
Thornton, USA, City
Milford, USA, City
Palm Coast, USA, City
Salem, USA, City
Summerville, USA, City
Lakewood, USA, City
Bell Gardens, USA, City
Longview, USA, City
Edinburg, USA, City
Mission, USA, City
St. Charles, USA, City
Cheyenne, USA, City
Mount Vernon, USA, City
Hoffman Estates, USA, City
Sarasota, USA, City
Cedar Park, USA, City
St. Cloud, USA, City
Lakeville, USA, City
Maple Grove, USA, City
Auburn, USA, City
Rapid City, USA, City
Layton, USA, City
Roseville, USA, City
East Orange, USA, City
Pharr, USA, City
Missouri City, USA, City
North Charleston, USA, City
Lubbock, USA, City
Davenport, USA, City
Wichita Falls, USA, City
Green Bay, USA, City
San Mateo, USA, City
Camden, USA, City
Boynton Beach, USA, City
Carmichael, USA, City
Kenner, USA, City
Johnson City, USA, City
Murfreesboro, USA, City
Palatine, USA, City
Pico Rivera, USA, City
Ellicott City, USA, City
Mount Prospect, USA, City
Champaign, USA, City
Bismarck, USA, City
Boulder, USA, City
Burlington, USA, City
Santa Fe, USA, City
Longmont, USA, City
Chapel Hill, USA, City
Farmington Hills, USA, City
Shoreline, USA, City
Manchester, USA, City
Hendersonville, USA, City
Asheville, USA, City
London, United Kingdom, City
Birmingham, United Kingdom, City
Manchester, United Kingdom, City
Glasgow, United Kingdom, City
Newcastle, United Kingdom, City
Liverpool, United Kingdom, City
Leeds, United Kingdom, City
Sheffield, United Kingdom, City
Bristol, United Kingdom, City
Edinburgh, United Kingdom, City
Cardiff, United Kingdom, City
Coventry, United Kingdom, City
Belfast, United Kingdom, City
Nottingham, United Kingdom, City
Leicester, United Kingdom, City
Sunderland, United Kingdom, City
Brighton, United Kingdom, City
Plymouth, United Kingdom, City
Hull, United Kingdom, City
Stoke-on-Trent, United Kingdom, City
Wolverhampton, United Kingdom, City
Derby, United Kingdom, City
Swansea, United Kingdom, City
Southampton, United Kingdom, City
Aberdeen, United Kingdom, City
Portsmouth, United Kingdom, City
York, United Kingdom, City
Peterborough, United Kingdom, City
Dundee, United Kingdom, City
Lancaster, United Kingdom, City
Oxford, United Kingdom, City
Newcastle upon Tyne, United Kingdom, City
Norwich, United Kingdom, City
Cambridge, United Kingdom, City
Leeds, United Kingdom, City
Sheffield, United Kingdom, City
Bradford, United Kingdom, City
Manchester, United Kingdom, City
Liverpool, United Kingdom, City
Southampton, United Kingdom, City
Bristol, United Kingdom, City
Wakefield, United Kingdom, City
Cardiff, United Kingdom, City
Coventry, United Kingdom, City
Nottingham, United Kingdom, City
Leicester, United Kingdom, City
Sunderland, United Kingdom, City
Doncaster, United Kingdom, City
Newcastle, United Kingdom, City
Brighton, United Kingdom, City
Hull, United Kingdom, City
Plymouth, United Kingdom, City
Stoke-on-Trent, United Kingdom, City
Wolverhampton, United Kingdom, City
Derby, United Kingdom, City
Swansea, United Kingdom, City
Southend-on-Sea, United Kingdom, City
Luton, United Kingdom, City
Reading, United Kingdom, City
Northampton, United Kingdom, City
Walsall, United Kingdom, City
Bournemouth, United Kingdom, City
Peterborough, United Kingdom, City
Blackpool, United Kingdom, City
Huddersfield, United Kingdom, City
Poole, United Kingdom, City
Stockport, United Kingdom, City
Birkenhead, United Kingdom, City
Swindon, United Kingdom, City
Watford, United Kingdom, City
Preston, United Kingdom, City
Middlesbrough, United Kingdom, City
Basingstoke, United Kingdom, City
Basildon, United Kingdom, City
Barry, United Kingdom, City
Maidstone, United Kingdom, City
Chelmsford, United Kingdom, City
Colchester, United Kingdom, City
Doncaster, United Kingdom, City
Basingstoke, United Kingdom, City
Basildon, United Kingdom, City
Ballymena, United Kingdom, City
Barnsley, United Kingdom, City
Birkenhead, United Kingdom, City
Blackburn, United Kingdom, City
Blackpool, United Kingdom, City
Bognor Regis, United Kingdom, City
Bracknell, United Kingdom, City
Brighton, United Kingdom, City
Bristol, United Kingdom, City
Burnley, United Kingdom, City
Bury, United Kingdom, City
Canterbury, United Kingdom, City
Carlisle, United Kingdom, City
Chatham, United Kingdom, City
Chelmsford, United Kingdom, City
Cheltenham, United Kingdom, City
Chester, United Kingdom, City
Chesterfield, United Kingdom, City
Chichester, United Kingdom, City
Coventry, United Kingdom, City
Crawley, United Kingdom, City
Crewe, United Kingdom, City
Darlington, United Kingdom, City
Dartford, United Kingdom, City
Derby, United Kingdom, City
Doncaster, United Kingdom, City
Dudley, United Kingdom, City
Eastbourne, United Kingdom, City
Exeter, United Kingdom, City
Farnborough, United Kingdom, City
Gateshead, United Kingdom, City
Gillingham, United Kingdom, City
Gloucester, United Kingdom, City
Gosport, United Kingdom, City
Grays, United Kingdom, City
Grimsby, United Kingdom, City
Guildford, United Kingdom, City
Halifax, United Kingdom, City
Harlow, United Kingdom, City
Hartlepool, United Kingdom, City
Hastings, United Kingdom, City
Hemel Hempstead, United Kingdom, City
High Wycombe, United Kingdom, City
Huddersfield, United Kingdom, City
Ipswich, United Kingdom, City
Keighley, United Kingdom, City
Kettering, United Kingdom, City
Kidderminster, United Kingdom, City
Kingston upon Hull, United Kingdom, City
Lancaster, United Kingdom, City
Leeds, United Kingdom, City
Leicester, United Kingdom, City
Lincoln, United Kingdom, City
Liverpool, United Kingdom, City
London, United Kingdom, City
Loughborough, United Kingdom, City
Lowestoft, United Kingdom, City
Luton, United Kingdom, City
Maidenhead, United Kingdom, City
Maidstone, United Kingdom, City
Manchester, United Kingdom, City
Margate, United Kingdom, City
Middlesbrough, United Kingdom, City
Milton Keynes, United Kingdom, City
Newcastle upon Tyne, United Kingdom, City
Newcastle-under-Lyme, United Kingdom, City
Newport, United Kingdom, City
Northampton, United Kingdom, City
Norwich, United Kingdom, City
Nottingham, United Kingdom, City
Nuneaton, United Kingdom, City
Oldham, United Kingdom, City
Oxford, United Kingdom, City
Paignton, United Kingdom, City
Peterborough, United Kingdom, City
Plymouth, United Kingdom, City
Poole, United Kingdom, City
Portsmouth, United Kingdom, City
Preston, United Kingdom, City
Rayleigh, United Kingdom, City
Reading, United Kingdom, City
Redditch, United Kingdom, City
Rochdale, United Kingdom, City
Rochester, United Kingdom, City
Rotherham, United Kingdom, City
Royal Tunbridge Wells, United Kingdom, City
Sale, United Kingdom, City
Salford, United Kingdom, City
Scarborough, United Kingdom, City
Scunthorpe, United Kingdom, City
Sheffield, United Kingdom, City
Shrewsbury, United Kingdom, City
Slough, United Kingdom, City
Solihull, United Kingdom, City
South Shields, United Kingdom, City
Southampton, United Kingdom, City
Southend-on-Sea, United Kingdom, City
Southport, United Kingdom, City
St Albans, United Kingdom, City
St Helens, United Kingdom, City
Stevenage, United Kingdom, City
Stockport, United Kingdom, City
Stockton-on-Tees, United Kingdom, City
Stoke-on-Trent, United Kingdom, City
Sunderland, United Kingdom, City
Sutton Coldfield, United Kingdom, City
Swansea, United Kingdom, City
Swindon, United Kingdom, City
Tamworth, United Kingdom, City
Taunton, United Kingdom, City
Telford, United Kingdom, City
Torquay, United Kingdom, City
Wakefield, United Kingdom, City
Walsall, United Kingdom, City
Warrington, United Kingdom, City
Watford, United Kingdom, City
West Bromwich, United Kingdom, City
Weston-super-Mare, United Kingdom, City
Weymouth, United Kingdom, City
Wigan, United Kingdom, City
Woking, United Kingdom, City
Wolverhampton, United Kingdom, City
Worcester, United Kingdom, City
Worthing, United Kingdom, City
Wrexham, United Kingdom, City
York, United Kingdom, City
Berlin, Germany, City
Hamburg, Germany, City
Munich, Germany, City
Cologne, Germany, City
Frankfurt, Germany, City
Stuttgart, Germany, City
Düsseldorf, Germany, City
Dortmund, Germany, City
Essen, Germany, City
Leipzig, Germany, City
Bremen, Germany, City
Dresden, Germany, City
Hanover, Germany, City
Nuremberg, Germany, City
Duisburg, Germany, City
Bochum, Germany, City
Wuppertal, Germany, City
Bielefeld, Germany, City
Bonn, Germany, City
Münster, Germany, City
Karlsruhe, Germany, City
Mannheim, Germany, City
Augsburg, Germany, City
Wiesbaden, Germany, City
Gelsenkirchen, Germany, City
Mönchengladbach, Germany, City
Braunschweig, Germany, City
Chemnitz, Germany, City
Kiel, Germany, City
Aachen, Germany, City
Halle, Germany, City
Magdeburg, Germany, City
Freiburg, Germany, City
Krefeld, Germany, City
Lübeck, Germany, City
Oberhausen, Germany, City
Erfurt, Germany, City
Mainz, Germany, City
Rostock, Germany, City
Kassel, Germany, City
Hagen, Germany, City
Hamm, Germany, City
Saarbrücken, Germany, City
Mülheim, Germany, City
Potsdam, Germany, City
Ludwigshafen, Germany, City
Oldenburg, Germany, City
Leverkusen, Germany, City
Osnabrück, Germany, City
Solingen, Germany, City
Heidelberg, Germany, City
Herne, Germany, City
Neuss, Germany, City
Darmstadt, Germany, City
Paderborn, Germany, City
Regensburg, Germany, City
Ingolstadt, Germany, City
Würzburg, Germany, City
Fürth, Germany, City
Ulm, Germany, City
Heilbronn, Germany, City
Pforzheim, Germany, City
Göttingen, Germany, City
Bottrop, Germany, City
Reutlingen, Germany, City
Koblenz, Germany, City
Bergisch Gladbach, Germany, City
Bremerhaven, Germany, City
Remscheid, Germany, City
Trier, Germany, City
Salzgitter, Germany, City
Moers, Germany, City
Siegen, Germany, City
Hildesheim, Germany, City
Cottbus, Germany, City
Gera, Germany, City
Kaiserslautern, Germany, City
Schwerin, Germany, City
Witten, Germany, City
Hanau, Germany, City
Tübingen, Germany, City
Gütersloh, Germany, City
Ludwigsburg, Germany, City
Esslingen, Germany, City
Marl, Germany, City
Lünen, Germany, City
Düren, Germany, City
Ratingen, Germany, City
Velbert, Germany, City
Dorsten, Germany, City
Castrop-Rauxel, Germany, City
Konstanz, Germany, City
Neumünster, Germany, City
Hattingen, Germany, City
Viersen, Germany, City
Langenfeld, Germany, City
Wilhelmshaven, Germany, City
Dessau, Germany, City
Herford, Germany, City
Lörrach, Germany, City
Zwickau, Germany, City
Plauen, Germany, City
Troisdorf, Germany, City
Rheine, Germany, City
Rüsselsheim, Germany, City
Celle, Germany, City
Villingen-Schwenningen, Germany, City
Gießen, Germany, City
Gladbeck, Germany, City
Gummersbach, Germany, City
Ahlen, Germany, City
Lindau, Germany, City
Wolfenbüttel, Germany, City
Goslar, Germany, City
Sindelfingen, Germany, City
Freising, Germany, City
Neu-Ulm, Germany, City
Menden, Germany, City
Albstadt, Germany, City
Speyer, Germany, City
Fulda, Germany, City
Rheda-Wiedenbrück, Germany, City
Euskirchen, Germany, City
Stade, Germany, City
Neubrandenburg, Germany, City
Herzogenrath, Germany, City
Wismar, Germany, City
Lingen, Germany, City
Wittenberg, Germany, City
Mettmann, Germany, City
Helmstedt, Germany, City
Bernburg, Germany, City
Verden, Germany, City
Geesthacht, Germany, City
Riesa, Germany, City
Lohne, Germany, City
Lübbecke, Germany, City
Pinneberg, Germany, City
Mühlhausen, Germany, City
Eppingen, Germany, City
Annaberg-Buchholz, Germany, City
Büren, Germany, City
Goch, Germany, City
Kirn, Germany, City
Bühl, Germany, City
Rheinbach, Germany, City
Syke, Germany, City
Schloß Holte-Stukenbrock, Germany, City
Filderstadt, Germany, City
Nordenham, Germany, City
Herrenberg, Germany, City
Olpe, Germany, City
Altena, Germany, City
Beckum, Germany, City
Seelze, Germany, City
Sömmerda, Germany, City
Fellbach, Germany, City
Werne, Germany, City
Sprockhövel, Germany, City
Waghäusel, Germany, City
Pulheim, Germany, City
Buxtehude, Germany, City
Tönisvorst, Germany, City
Hemer, Germany, City
Waltrop, Germany, City
Leichlingen, Germany, City
Germering, Germany, City
Harsewinkel, Germany, City
Korbach, Germany, City
Xanten, Germany, City
Heinsberg, Germany, City
Sankt Augustin, Germany, City
Pirmasens, Germany, City
Hockenheim, Germany, City
Jülich, Germany, City
Leimen, Germany, City
Bretten, Germany, City
Freudenstadt, Germany, City
Ludwigsfelde, Germany, City
Emden, Germany, City
St. Wendel, Germany, City
Bingen, Germany, City
Bad Nauheim, Germany, City
Bad Langensalza, Germany, City
Ganderkesee, Germany, City
Burgdorf, Germany, City
Neustadt am Rübenberge, Germany, City
Rottenburg am Neckar, Germany, City
Alfeld, Germany, City
Werl, Germany, City
Nidderau, Germany, City
Rheinberg, Germany, City
Kornwestheim, Germany, City
Weiterstadt, Germany, City
Dreieich, Germany, City
Calw, Germany, City
Heiligenhaus, Germany, City
Garching bei München, Germany, City
Schleswig, Germany, City
Baiersbronn, Germany, City
Bad Harzburg, Germany, City
Bad Honnef, Germany, City
Germersheim, Germany, City
Mettlach, Germany, City
Salzkotten, Germany, City
Hückelhoven, Germany, City
Rheda-Wiedenbrück, Germany, City
Penzberg, Germany, City
Hessisch Oldendorf, Germany, City
Neuenrade, Germany, City
Rheinstetten, Germany, City
Kelkheim, Germany, City
Bad Säckingen, Germany, City
Betzdorf, Germany, City
Rutesheim, Germany, City
Loßburg, Germany, City
Buchholz in der Nordheide, Germany, City
Ranstadt, Germany, City
Biberach an der Riß, Germany, City
Freinsheim, Germany, City
Neubulach, Germany, City
Wolfen, Germany, City
Röttingen, Germany, City
Schweich, Germany, City
Münchberg, Germany, City
Zwingenberg, Germany, City
Ruhla, Germany, City
Weikersheim, Germany, City
Rehburg-Loccum, Germany, City
Hersbruck, Germany, City
Laucha an der Unstrut, Germany, City
Alfter, Germany, City
Ober-Ramstadt, Germany, City
Hennigsdorf, Germany, City
Radeburg, Germany, City
Nortorf, Germany, City
Neu-Anspach, Germany, City
Schwabmünchen, Germany, City
Weißenthurm, Germany, City
Braunlage, Germany, City
Nürtingen, Germany, City
Bad Brückenau, Germany, City
Friedrichsdorf, Germany, City
Leun, Germany, City
Oberlungwitz, Germany, City
Kernen im Remstal, Germany, City
Schotten, Germany, City
Bad Frankenhausen/Kyffhäuser, Germany, City
Duderstadt, Germany, City
Schönebeck, Germany, City
Dassel, Germany, City
Karben, Germany, City
Bad Schwartau, Germany, City
Bad Driburg, Germany, City
Geisenheim, Germany, City
Bad Kötzting, Germany, City
Ilmenau, Germany, City
Schwarzenbach an der Saale, Germany, City
Eisenberg, Germany, City
Manderscheid, Germany, City
Mörfelden-Walldorf, Germany, City
Aldenhoven, Germany, City
Emmendingen, Germany, City
Boppard, Germany, City
Höchstadt an der Aisch, Germany, City
Plau am See, Germany, City
Klingenthal, Germany, City
Waren, Germany, City
Bexbach, Germany, City
Zehdenick, Germany, City
Bassum, Germany, City
Löbau, Germany, City
Herbolzheim, Germany, City
Osterholz-Scharmbeck, Germany, City
Wörth am Rhein, Germany, City
Obertshausen, Germany, City
Steinbach (Taunus), Germany, City
Bühlertal, Germany, City
Frankenberg, Germany, City
Lauda-Königshofen, Germany, City
Külsheim, Germany, City
Erwitte, Germany, City
Alfter, Germany, City
Obernburg am Main, Germany, City
Neumarkt in der Oberpfalz, Germany, City
Waldkirch, Germany, City
Aken (Elbe), Germany, City
Rieneck, Germany, City
Dreieich, Germany, City
Hemer, Germany, City
Alzey, Germany, City
Marktheidenfeld, Germany, City
Bad Schussenried, Germany, City
Gerlingen, Germany, City
Roth, Germany, City
Barby, Germany, City
Leisnig, Germany, City
Nidderau, Germany, City
Ladenburg, Germany, City
Waghäusel, Germany, City
Schweich, Germany, City
Gaißach, Germany, City
Zörbig, Germany, City
Bad Salzungen, Germany, City
Burscheid, Germany, City
Ohrdruf, Germany, City
Marktredwitz, Germany, City
Eutin, Germany, City
Bruchsal, Germany, City
Bruckmühl, Germany, City
Elsterwerda, Germany, City
Usingen, Germany, City
Dillenburg, Germany, City
Eisfeld, Germany, City
Stadtallendorf, Germany, City
Schwaan, Germany, City
Nideggen, Germany, City
Bad Wimpfen, Germany, City
Mölln, Germany, City
Teuchern, Germany, City
Selters (Westerwald), Germany, City
Altdorf bei Nürnberg, Germany, City
Arnstadt, Germany, City
Bad Salzungen, Germany, City
Ballenstedt, Germany, City
Bargteheide, Germany, City
Usingen, Germany, City
Borkum, Germany, City
Bützow, Germany, City
Coswig, Germany, City
Eltmann, Germany, City
Freyung, Germany, City
Gaildorf, Germany, City
Hoya, Germany, City
Ichenhausen, Germany, City
Ketzin, Germany, City
Neuötting, Germany, City
Rödermark, Germany, City
Rothenburg ob der Tauber, Germany, City
Stadtlohn, Germany, City
Tönisvorst, Germany, City
Ochsenfurt, Germany, City
Abenberg, Germany, City
Achern, Germany, City
Aken (Elbe), Germany, City
Albstadt, Germany, City
Amberg, Germany, City
Apolda, Germany, City
Arnstein, Germany, City
Asperg, Germany, City
Attendorn, Germany, City
Babenhausen, Germany, City
Bad Bentheim, Germany, City
Bad Bergzabern, Germany, City
Bad Berneck im Fichtelgebirge, Germany, City
Bad Bibra, Germany, City
Bad Blankenburg, Germany, City
Bad Bramstedt, Germany, City
Bad Buchau, Germany, City
Bad Camberg, Germany, City
Bad Doberan, Germany, City
Bad Driburg, Germany, City
Bad Ems, Germany, City
Bad Fallingbostel, Germany, City
Bad Frankenhausen/Kyffhäuser, Germany, City
Bad Friedrichshall, Germany, City
Bad Gottleuba-Berggießhübel, Germany, City
Bad Herrenalb, Germany, City
Bad Hersfeld, Germany, City
Bad Hindelang, Germany, City
Bad Homburg vor der Höhe, Germany, City
Bad Karlshafen, Germany, City
Bad Kissingen, Germany, City
Bad Königshofen im Grabfeld, Germany, City
Bad Kreuznach, Germany, City
Bad Krozingen, Germany, City
Bad Laasphe, Germany, City
Bad Langensalza, Germany, City
Bad Lauchstädt, Germany, City
Bad Liebenstein, Germany, City
Bad Liebenwerda, Germany, City
Bad Liebenzell, Germany, City
Bad Lippspringe, Germany, City
Bad Lobenstein, Germany, City
Bad Marienberg (Westerwald), Germany, City
Bad Mergentheim, Germany, City
Bad Münder am Deister, Germany, City
Bad Münstereifel, Germany, City
Bad Nauheim, Germany, City
Bad Neuenahr-Ahrweiler, Germany, City
Bad Neustadt an der Saale, Germany, City
Bad Oeynhausen, Germany, City
Bad Oldesloe, Germany, City
Bad Orb, Germany, City
Bad Pyrmont, Germany, City
Bad Rappenau, Germany, City
Bad Reichenhall, Germany, City
Bad Rodach, Germany, City
Bad Sachsa, Germany, City
Bad Säckingen, Germany, City
Bad Sooden-Allendorf, Germany, City
Bad Staffelstein, Germany, City
Bad Sulza, Germany, City
Bad Tölz, Germany, City
Bad Urach, Germany, City
Bad Waldsee, Germany, City
Bad Wiessee, Germany, City
Bad Wildbad, Germany, City
Bad Wildungen, Germany, City
Bad Wimpfen, Germany, City
Bad Windsheim, Germany, City
Bad Wörishofen, Germany, City
Bad Wünnenberg, Germany, City
Baden-Baden, Germany, City
Baesweiler, Germany, City
Baiersdorf, Germany, City
Balingen, Germany, City
Balve, Germany, City
Bamberg, Germany, City
Bargteheide, Germany, City
Barmstedt, Germany, City
Barsinghausen, Germany, City
Baruth/Mark, Germany, City
Baruth/Mark, Germany, City
Bassum, Germany, City
Baumholder, Germany, City
Baunach, Germany, City
Baunatal, Germany, City
Bautzen, Germany, City
Bayerisch Gmain, Germany, City
Bayreuth, Germany, City
Bebra, Germany, City
Beckum, Germany, City
Beelitz, Germany, City
Beeskow, Germany, City
Beilngries, Germany, City
Beilstein, Germany, City
Belgern-Schildau, Germany, City
Belzig, Germany, City
Bendorf, Germany, City
Bennewitz, Germany, City
Bensheim, Germany, City
Berching, Germany, City
Berga/Elster, Germany, City
Bergen auf Rügen, Germany, City
Bergen, Germany, City
Bergheim, Germany, City
Bergisch Gladbach, Germany, City
Bergkamen, Germany, City
Bergneustadt, Germany, City
Berka/Werra, Germany, City
Berka/Werra, Germany, City
Berka/Werra, Germany, City
Berlin, Germany, City
Bernau bei Berlin, Germany, City
Bernburg (Saale), Germany, City
Bernkastel-Kues, Germany, City
Bersenbrück, Germany, City
Besigheim, Germany, City
Betzdorf, Germany, City
Beucha, Germany, City
Beverungen, Germany, City
Bexbach, Germany, City
Biberach an der Riß, Germany, City
Biblis, Germany, City
Biedenkopf, Germany, City
Bielefeld, Germany, City
Biesenthal, Germany, City
Bietigheim-Bissingen, Germany, City
Billerbeck, Germany, City
Bingen am Rhein, Germany, City
Birkenfeld, Germany, City
Bischofsheim an der Rhön, Germany, City
Bischofswerda, Germany, City
Bismark (Altmark), Germany, City
Bitburg, Germany, City
Blankenburg (Harz), Germany, City
Blankenhain, Germany, City
Blaubeuren, Germany, City
Bleckede, Germany, City
Blieskastel, Germany, City
Blomberg, Germany, City
Blumberg, Germany, City
Bobingen, Germany, City
Bockenem, Germany, City
Bodenwerder, Germany, City
Bogen, Germany, City
Boizenburg/Elbe, Germany, City
Bonn, Germany, City
Boppard, Germany, City
Borna, Germany, City
Bornheim, Germany, City
Bottrop, Germany, City
Boxberg, Germany, City
Brackenheim, Germany, City
Braunsbedra, Germany, City
Braunschweig, Germany, City
Breckerfeld, Germany, City
Bredstedt, Germany, City
Breisach am Rhein, Germany, City
Bremen, Germany, City
Bremervörde, Germany, City
Bretten, Germany, City
Breuberg, Germany, City
Brilon, Germany, City
Bruchköbel, Germany, City
Bruchsal, Germany, City
Brück, Germany, City
Brüel, Germany, City
Brüel, Germany, City
Brühl, Germany, City
Brüssow, Germany, City
Buchen (Odenwald), Germany, City
Buchenbach, Germany, City
Buchholz in der Nordheide, Germany, City
Buchloe, Germany, City
Bückeburg, Germany, City
Buckow, Germany, City
Bückeburg, Germany, City
Budapest, Hungary, City
Büdingen, Germany, City
Bühlertal, Germany, City
Bunde, Germany, City
Burg, Germany, City
Burgau, Germany, City
Burgbernheim, Germany, City
Burgdorf, Germany, City
Burgebrach, Germany, City
Burglengenfeld, Germany, City
Burgstädt, Germany, City
Burgwedel, Germany, City
Burkhardtsdorf, Germany, City
Burghausen, Germany, City
Bürstadt, Germany, City
Buttelstedt, Germany, City
Butzbach, Germany, City
Calau, Germany, City
Calw, Germany, City
Camburg, Germany, City
Castrop-Rauxel, Germany, City
Celle, Germany, City
Cham, Germany, City
Chemnitz, Germany, City
Clingen, Germany, City
Coburg, Germany, City
Cochem, Germany, City
Coesfeld, Germany, City
Colditz, Germany, City
Coswig, Germany, City
Cottbus, Germany, City
Crailsheim, Germany, City
Creglingen, Germany, City
Creußen, Germany, City
Creuzburg, Germany, City
Crimmitschau, Germany, City
Cronenberg, Germany, City
Cuxhaven, Germany, City
Dachau, Germany, City
Dahlen, Germany, City
Dahn, Germany, City
Damme, Germany, City
Darmstadt, Germany, City
Dassel, Germany, City
Daun, Germany, City
Deggendorf, Germany, City
Deidesheim, Germany, City
Delbrück, Germany, City
Delitzsch, Germany, City
Demmin, Germany, City
Dessau-Roßlau, Germany, City
Detmold, Germany, City
Dieburg, Germany, City
Diemelstadt, Germany, City
Diepholz, Germany, City
Dierdorf, Germany, City
Dietenheim, Germany, City
Dietfurt an der Altmühl, Germany, City
Dietzenbach, Germany, City
Dillenburg, Germany, City
Dillingen an der Donau, Germany, City
Dingelstädt, Germany, City
Dingolfing, Germany, City
Dinkelsbühl, Germany, City
Dinslaken, Germany, City
Dippoldiswalde, Germany, City
Dissen am Teutoburger Wald, Germany, City
Ditzingen, Germany, City
Döbeln, Germany, City
Doberlug-Kirchhain, Germany, City
Döbern, Germany, City
Dohna, Germany, City
Donaueschingen, Germany, City
Donauwörth, Germany, City
Donzdorf, Germany, City
Dorfen, Germany, City
Dorsten, Germany, City
Dortmund, Germany, City
Dransfeld, Germany, City
Drebkau, Germany, City
Dreieich, Germany, City
Drensteinfurt, Germany, City
Dresden, Germany, City
Drolshagen, Germany, City
Duderstadt, Germany, City
Duisburg, Germany, City
Dülmen, Germany, City
Düren, Germany, City
Düsseldorf, Germany, City
Eberbach, Germany, City
Ebern, Germany, City
Ebermannstadt, Germany, City
Ebern, Germany, City
Ebersbach an der Fils, Germany, City
Ebersbach-Neugersdorf, Germany, City
Ebersberg, Germany, City
Eberswalde, Germany, City
Eckartsberga, Germany, City
Eckernförde, Germany, City
Edenkoben, Germany, City
Egeln, Germany, City
Eggenfelden, Germany, City
Eggesin, Germany, City
Ehingen (Donau), Germany, City
Ehrenfriedersdorf, Germany, City
Eibelstadt, Germany, City
Eibenstock, Germany, City
Eichstätt, Germany, City
Eilenburg, Germany, City
Eime, Germany, City
Eisenach, Germany, City
Eisenberg, Germany, City
Eisenhüttenstadt, Germany, City
Eisleben, Germany, City
Eislingen/Fils, Germany, City
Ellingen, Germany, City
Ellrich, Germany, City
Ellwangen (Jagst), Germany,City
Elmshorn, Germany, City
Elsdorf, Germany, City
Elsterwerda, Germany, City
Elstra, Germany, City
Elterlein, Germany, City
Eltmann, Germany, City
Eltville am Rhein, Germany, City
Elzach, Germany, City
Elze, Germany, City
Eltmann, Germany, City
Eltville am Rhein, Germany, City
Elzach, Germany, City
Elze, Germany, City
Emden, Germany, City
Emmelshausen, Germany, City
Emmendingen, Germany, City
Emmerich am Rhein, Germany, City
Emsdetten, Germany, City
Endingen am Kaiserstuhl, Germany, City
Engen, Germany, City
Ennepetal, Germany, City
Ennigerloh, Germany, City
Eppelborn, Germany, City
Eppelheim, Germany, City
Eppingen, Germany, City
Eppstein, Germany, City
Erbach, Germany, City
Erbendorf, Germany, City
Erbisdorf, Germany, City
Erbisreute, Germany, City
Erding, Germany, City
Erftstadt, Germany, City
Erfurt, Germany, City
Erkelenz, Germany, City
Erkner, Germany, City
Erkrath, Germany, City
Erlangen, Germany, City
Erlenbach am Main, Germany, City
Erlenbach am Main, Germany, City
Erlenbach am Main, Germany, City
Erlensee, Germany, City
Erwitte, Germany, City
Eschborn, Germany, City
Eschwege, Germany, City
Eschweiler, Germany, City
Esens, Germany, City
Esperstedt, Germany, City
Espelkamp, Germany, City
Essen, Germany, City
Esslingen am Neckar, Germany, City
Ettenheim, Germany, City
Ettlingen, Germany, City
Euskirchen, Germany, City
Eutin, Germany, City
Falkenberg/Elster, Germany, City
Falkenstein/Harz, Germany, City
Falkensee, Germany, City
Falkenstein/Vogtl., Germany, City
Fehmarn, Germany, City
Feldkirchen-Westerham, Germany, City
Fellbach, Germany, City
Felsberg, Germany, City
Feuchtwangen, Germany, City
Filderstadt, Germany, City
Finsterwalde, Germany, City
Fladungen, Germany, City
Flensburg, Germany, City
Flieden, Germany, City
Flöha, Germany, City
Flörsheim am Main, Germany, City
Forchheim, Germany, City
Forchtenberg, Germany, City
Forst (Lausitz), Germany, City
Frankenberg/Sa., Germany, City
Frankenberg/Sa., Germany, City
Frankenthal (Pfalz), Germany, City
Frankfurt (Oder), Germany, City
Frankfurt am Main, Germany, City
Franzburg, Germany, City
Frauenstein, Germany, City
Frechen, Germany, City
Freiberg am Neckar, Germany, City
Freiberg, Germany, City
Freiburg im Breisgau, Germany, City
Freilassing, Germany, City
Freinsheim, Germany, City
Freising, Germany, City
Freital, Germany, City
Freren, Germany, City
Freudenberg, Germany, City
Freudenstadt, Germany, City
Freystadt, Germany, City
Freyung, Germany, City
Fridingen an der Donau, Germany, City
Friedberg (Bayern), Germany, City
Friedberg (Hessen), Germany, City
Friedland, Germany, City
Friedland, Germany, City
Friedrichroda, Germany, City
Friedrichsdorf, Germany, City
Friedrichshafen, Germany, City
Friedrichstadt, Germany, City
Friesack, Germany, City
Friesoythe, Germany, City
Fritzlar, Germany, City
Frohburg, Germany, City
Fröndenberg/Ruhr, Germany, City
Fröndenberg/Ruhr, Germany, City
Fulda, Germany, City
Fürstenau, Germany, City
Fürstenberg/Havel, Germany, City
Fürstenfeldbruck, Germany, City
Fürstenwalde/Spree, Germany, City
Furtwangen im Schwarzwald, Germany, City
Furth im Wald, Germany, City
Furth, Germany, City
Furth im Wald, Germany, City
Fürth, Germany, City
Gadebusch, Germany, City
Gaggenau, Germany, City
Gailingen am Hochrhein, Germany, City
Gammertingen, Germany, City
Garbsen, Germany, City
Garching bei München, Germany, City
Gardelegen, Germany, City
Garding, Germany, City
Gartz (Oder), Germany, City
Gau-Algesheim, Germany, City
Gebesee, Germany, City
Geesthacht, Germany, City
Gefell, Germany, City
Gefell, Germany, City
Gefrees, Germany, City
Geilenkirchen, Germany, City
Geisa, Germany, City
Geiselhöring, Germany, City
Geisenfeld, Germany, City
Geisenheim, Germany, City
Geising, Germany, City
Geisingen, Germany, City
Geithain, Germany, City
Geldern, Germany, City
Gelnhausen, Germany, City
Gelsenkirchen, Germany, City
Gemünden am Main, Germany, City
Gemünden (Wohra), Germany, City
Gengenbach, Germany, City
Genthin, Germany, City
Georgsmarienhütte, Germany, City
Gera, Germany, City
Gerabronn, Germany, City
Gerabronn, Germany, City
Gerbstedt, Germany, City
Geretsried, Germany, City
Geringswalde, Germany, City
Gerlingen, Germany, City
Germering, Germany, City
Gernsbach, Germany, City
Gernsheim, Germany, City
Gerolstein, Germany, City
Gersthofen, Germany, City
Gescher, Germany, City
Geseke, Germany, City
Gevelsberg, Germany, City
Geyer, Germany, City
Giengen an der Brenz, Germany, City
Gießen, Germany, City
Gifhorn, Germany, City
Gilching, Germany, City
Gladenbach, Germany, City
Glashütte, Germany, City
Glauchau, Germany, City
Glinde, Germany, City
Gnoien, Germany, City
Goch, Germany, City
Göppingen, Germany, City
Görlitz, Germany, City
Göttingen, Germany, City
Gommern, Germany, City
Göppingen, Germany, City
Görlitz, Germany, City
Göttingen, Germany, City
Gommern, Germany, City
Gorlitz, Germany, City
Gornau/Erzgeb., Germany, City
Goslar, Germany, City
Gößnitz, Germany, City
Gotha, Germany, City
Gotha, Germany, City
Gräfenberg, Germany, City
Gräfenhainichen, Germany, City
Gräfenroda, Germany, City
Gräfenthal, Germany, City
Gräfenthal, Germany, City
Gräfenhainichen, Germany, City
Gräfenthal, Germany, City
Gräfenthal, Germany, City
Gräfenthal, Germany, City
Grävenwiesbach, Germany, City
Gramzow, Germany, City
Gransee, Germany, City
Grasberg, Germany, City
Grävenwiesbach, Germany, City
Grebenau, Germany, City
Grebenstein, Germany, City
Greding, Germany, City
Greifswald, Germany, City
Greiz, Germany, City
Grevesmühlen, Germany, City
Griesheim, Germany, City
Grimma, Germany, City
Grimmen, Germany, City
Großalmerode, Germany, City
Groß-Bieberau, Germany, City
Großbottwar, Germany, City
Groß-Bieberau, Germany, City
Großbreitenbach, Germany, City
Großenehrich, Germany, City
Groß-Gerau, Germany, City
Großenhain, Germany, City
Canton Appenzell, Switzerland, Canton
Canton Aargau, Switzerland, Canton
Canton Basel-City, Switzerland, Canton
Canton Basel-Landschaft, Switzerland, Canton
Canton Fribourg, Switzerland, Canton
Canton Geneva, Switzerland, Canton
Canton Glarus, Switzerland, Canton
Canton Grisons, Switzerland, Canton
Canton Jura, Switzerland, Canton
Canton Lucerne, Switzerland, Canton
Canton Neuchâtel, Switzerland, Canton
Canton Nidwalden, Switzerland, Canton
Canton Obwalden, Switzerland, Canton
Canton Schaffhausen, Switzerland, Canton
Canton Schwyz, Switzerland, Canton
Canton Solothurn, Switzerland, Canton
Canton St. Gallen, Switzerland, Canton
Canton Thurgau, Switzerland, Canton
Canton Ticino, Switzerland, Canton
Canton Uri, Switzerland, Canton
Canton Valais, Switzerland, Canton
Canton Vaud, Switzerland, Canton
Canton Zug, Switzerland, Canton
Canton Zürich, Switzerland, Canton
Genève, Switzerland, City
Lausanne, Switzerland, City
Zürich, Switzerland, City
Basel, Switzerland, City
Bern, Switzerland, City
Lugano, Switzerland, City
Luzern, Switzerland, City
St. Gallen, Switzerland, City
Biel/Bienne, Switzerland, City
Thun, Switzerland, City
Bellinzona, Switzerland, City
Fribourg, Switzerland, City
Chur, Switzerland, City
Neuchâtel, Switzerland, City
Sion, Switzerland, City
Schaffhausen, Switzerland, City
Winterthur, Switzerland, City
Vernier, Switzerland, City
Uster, Switzerland, City
Sitten, Switzerland, City
Yverdon-les-Bains, Switzerland, City
Zug, Switzerland, City
Le Locle, Switzerland, City
Monthey, Switzerland, City
Montreux, Switzerland, City
Frauenfeld, Switzerland, City
Siders, Switzerland, City
Nyon, Switzerland, City
Vevey, Switzerland, City
Brig-Glis, Switzerland, City
Kloten, Switzerland, City
Pully, Switzerland, City
Thalwil, Switzerland, City
Conthey, Switzerland, City
Horgen, Switzerland, City
Morges, Switzerland, City
Bülach, Switzerland, City
Wädenswil, Switzerland, City
Wettingen, Switzerland, City
Freienbach, Switzerland, City
Carouge, Switzerland, City
Hinwil, Switzerland, City
Kreuzlingen, Switzerland, City
Littau, Switzerland, City
Altstätten, Switzerland, City
Muttenz, Switzerland, City
Renens, Switzerland, City
Allschwil, Switzerland, City
Oberwil, Switzerland, City
Regensdorf, Switzerland, City
Thônex, Switzerland, City
Wallisellen, Switzerland, City
Gossau, Switzerland, City
Hohenems, Switzerland, City
Burgdorf, Switzerland, City
Wil, Switzerland, City
Birsfelden, Switzerland, City
Worb, Switzerland, City
Adliswil, Switzerland, City
Plan-les-Ouates, Switzerland, City
Prilly, Switzerland, City
Möhlin, Switzerland, City
Aesch, Switzerland, City
Einsiedeln, Switzerland, City
Bassersdorf, Switzerland, City
Richterswil, Switzerland, City
Dornach, Switzerland, City
Feldkirch, Switzerland, City
Baden, Switzerland, City
Rüti, Switzerland, City
Wohlen, Switzerland, City
Echallens, Switzerland, City
Langenthal, Switzerland, City
Binningen, Switzerland, City
Gland, Switzerland, City
Oftringen, Switzerland, City
Weinfelden, Switzerland, City
Horw, Switzerland, City
Sierre, Switzerland, City
Ecublens, Switzerland, City
Le Grand-Saconnex, Switzerland, City
Locarno, Switzerland, City
Aarau, Switzerland, City
Biel, Switzerland, City
Châtel-Saint-Denis, Switzerland, City
Crissier, Switzerland, City
Pregassona, Switzerland, City
Spreitenbach, Switzerland, City
Wädenswil, Switzerland, City
Paris, France, City
Marseille, France, City
Lyon, France, City
Toulouse, France, City
Nice, France, City
Nantes, France, City
Strasbourg, France, City
Montpellier, France, City
Bordeaux, France, City
Lille, France, City
Rennes, France, City
Reims, France, City
Le Havre, France, City
Saint-Étienne, France, City
Toulon, France, City
Angers, France, City
Grenoble, France, City
Dijon, France, City
Nîmes, France, City
Aix-en-Provence, France, City
Saint-Quentin, France, City
Brest, France, City
Le Mans, France, City
Amiens, France, City
Tours, France, City
Limoges, France, City
Clermont-Ferrand, France, City
Villeurbanne, France, City
Besançon, France, City
Orléans, France, City
Metz, France, City
Rouen, France, City
Mulhouse, France, City
Perpignan, France, City
Caen, France, City
Boulogne-Billancourt, France, City
Nancy, France, City
Argenteuil, France, City
Montreuil, France, City
Roubaix, France, City
Tourcoing, France, City
Avignon, France, City
Nanterre, France, City
Vitry-sur-Seine, France, City
Créteil, France, City
Dunkerque, France, City
Poitiers, France, City
Asnières-sur-Seine, France, City
Courbevoie, France, City
Versailles, France, City
Colombes, France, City
Aulnay-sous-Bois, France, City
Saint-Pierre, France, City
Rueil-Malmaison, France, City
Pau, France, City
La Rochelle, France, City
Chambéry, France, City
Saint-Maur-des-Fossés, France, City
Calais, France, City
Saint-Herblain, France, City
Nevers, France, City
Bourges, France, City
Cannes, France, City
Lorient, France, City
Sarcelles, France, City
Bastia, France, City
Saint-Malo, France, City
Meaux, France, City
Salon-de-Provence, France, City
Rosny-sous-Bois, France, City
Cholet, France, City
Massy, France, City
Chalon-sur-Saône, France, City
Épinay-sur-Seine, France, City
Vannes, France, City
Montrouge, France, City
Sète, France, City
Albi, France, City
Ivry-sur-Seine, France, City
Belfort, France, City
Talence, France, City
Évreux, France, City
Vincennes, France, City
Martigues, France, City
Montluçon, France, City
Gagny, France, City
Saint-Laurent-du-Maroni, France, City
La Courneuve, France, City
Thionville, France, City
Saint-Ouen-sur-Seine, France, City
Saint-Brieuc, France, City
Douai, France, City
Beauvais, France, City
Draguignan, France, City
Colmar, France, City
Saint-Cloud, France, City
Saint-Raphaël, France, City
Échirolles, France, City
Le Port, France, City
Issy-les-Moulineaux, France, City
Levallois-Perret, France, City
Noisy-le-Grand, France, City
Châteauroux, France, City
Blois, France, City
Saint-Nazaire, France, City
Brive-la-Gaillarde, France, City
Villeneuve-Saint-Georges, France, City
Puteaux, France, City
Épinal, France, City
Mâcon, France, City
Villefranche-sur-Saône, France, City
Rodez, France, City
Saint-Martin, France, City
Bagneux, France, City
Villepinte, France, City
Neuilly-sur-Seine, France, City
Châlons-en-Champagne, France, City
Villeneuve-la-Garenne, France, City
Chartres, France, City
Clamart, France, City
Trappes, France, City
Alfortville, France, City
Livry-Gargan, France, City
Meudon, France, City
Stains, France, City
Baie-Mahault, France, City
Vitrolles, France, City
Annemasse, France, City
Guyancourt, France, City
Troyes, France, City
Lens, France, City
Suresnes, France, City
Cambrai, France, City
Montigny-le-Bretonneux, France, City
Palaiseau, France, City
Sainte-Geneviève-des-Bois, France, City
Saint-Ouen, France, City
Haguenau, France, City
Élancourt, France, City
Villiers-sur-Marne, France, City
Sotteville-lès-Rouen, France, City
Conflans-Sainte-Honorine, France, City
Fontenay-sous-Bois, France, City
Lamentin, France, City
Saint-Leu, France, City
Liévin, France, City
Rambouillet, France, City
Saint-Étienne-du-Rouvray, France, City
Bourg-en-Bresse, France, City
Le Cannet, France, City
Saint-Joseph, France, City
Bagnolet, France, City
Marignane, France, City
Les Abymes, France, City
Meyzieu, France, City
Périgueux, France, City
Plaisir, France, City
Rillieux-la-Pape, France, City
La Possession, France, City
Goussainville, France, City
Chatou, France, City
Châtenay-Malabry, France, City
Bourg-la-Reine, France, City
La Garenne-Colombes, France, City
Étampes, France, City
La Ciotat, France, City
Cavaillon, France, City
Grasse, France, City
North and Middle Andaman, India, district
South Andaman, India, district
Nicobar, India, district
Anantapur, India, district
Chittoor, India, district
East Godavari, India, district
Guntur, India, district
Krishna, India, district
Kurnool, India, district
Prakasam, India, district
Sri Potti Sriramulu Nellore, India, district
Srikakulam, India, district
Visakhapatnam, India, district
Vizianagaram, India, district
West Godavari, India, district
YSR District, Kadapa (Cuddapah), India, district
Tawang, India, district
West Kameng, India, district
East Kameng, India, district
Papum Pare, India, district
Kurung Kumey, India, district
Kra Daadi, India, district
Lower Subansiri, India, district
Upper Subansiri, India, district
West Siang, India, district
East Siang, India, district
Siang, India, district
Upper Siang, India, district
Lower Siang, India, district
Lower Dibang Valley, India, district
Dibang Valley, India, district
Anjaw, India, district
Lohit, India, district
Namsai, India, district
Changlang, India, district
Tirap, India, district
Longding, India, district
Baksa, India, district
Barpeta, India, district
Bongaigaon, India, district
Cachar, India, district
Chirang, India, district
Darrang, India, district
Dhemaji, India, district
Dhubri, India, district
Dibrugarh, India, district
Dima Hasao (North Cachar Hills), India, district
Goalpara, India, district
Golaghat, India, district
Hailakandi, India, district
Hojai, India, district
Jorhat, India, district
Kamrup, India, district
Kamrup Metropolitan, India, district
Karbi Anglong, India, district
Karimganj, India, district
Kokrajhar, India, district
Lakhimpur, India, district
Majuli, India, district
Morigaon, India, district
Nagaon, India, district
Nalbari, India, district
Sivasagar, India, district
Sonitpur, India, district
South Salmara-Mankachar, India, district
Tinsukia, India, district
Udalguri, India, district
West Karbi Anglong, India, district
Araria, India, district
Arwal, India, district
Aurangabad, India, district
Banka, India, district
Begusarai, India, district
Bhagalpur, India, district
Bhojpur, India, district
Buxar, India, district
Darbhanga, India, district
East Champaran (Motihari), India, district
Gaya, India, district
Gopalganj, India, district
Jamui, India, district
Jehanabad, India, district
Kaimur (Bhabua), India, district
Katihar, India, district
Khagaria, India, district
Kishanganj, India, district
Lakhisarai, India, district
Madhepura, India, district
Madhubani, India, district
Munger (Monghyr), India, district
Muzaffarpur, India, district
Nalanda, India, district
Nawada, India, district
Patna, India, district
Purnia (Purnea), India, district
Rohtas, India, district
Saharsa, India, district
Samastipur, India, district
Saran, India, district
Sheikhpura, India, district
Sheohar, India, district
Sitamarhi, India, district
Siwan, India, district
Supaul, India, district
Vaishali, India, district
West Champaran, India, district
Chandigarh, India, district
Balod, India, district
Baloda Bazar, India, district
Balrampur, India, district
Bastar, India, district
Bemetara, India, district
Bijapur, India, district
Bilaspur, India, district
Dantewada (South Bastar), India, district
Dhamtari, India, district
Durg, India, district
Gariaband, India, district
Janjgir-Champa, India, district
Jashpur, India, district
Kabirdham (Kawardha), India, district
Kanker (North Bastar), India, district
Kondagaon, India, district
Korba, India, district
Koriya, India, district
Mahasamund, India, district
Mungeli, India, district
Narayanpur, India, district
Raigarh, India, district
Raipur, India, district
Rajnandgaon, India, district
Sukma, India, district
Surajpur, India, district
Surguja, India, district
Dadra and Nagar Haveli, India, district
Daman, India, district
Diu, India, district
Central Delhi, India, district
East Delhi, India, district
New Delhi, India, district
North Delhi, India, district
North East Delhi, India, district
North West Delhi, India, district
Shahdara, India, district
South Delhi, India, district
South East Delhi, India, district
South West Delhi, India, district
West Delhi, India, district
North Goa, India, district
South Goa, India, district
Ahmedabad, India, district
Amreli, India, district
Anand, India, district
Aravalli, India, district
Banaskantha (Palanpur), India, district
Bharuch, India, district
Bhavnagar, India, district
Botad, India, district
Chhota Udaipur, India, district
Dahod, India, district
Dang (Ahwa), India, district
Devbhoomi Dwarka, India, district
Gandhinagar, India, district
Gir Somnath, India, district
Jamnagar, India, district
Junagadh, India, district
Kheda (Nadiad), India, district
Kutch, India, district
Mahisagar, India, district
Mehsana, India, district
Morbi, India, district
Narmada (Rajpipla), India, district
Navsari, India, district
Panchmahal (Godhra), India, district
Patan, India, district
Porbandar, India, district
Rajkot, India, district
Sabarkantha (Himmatnagar), India, district
Surat, India, district
Surendranagar, India, district
Tapi (Vyara), India, district
Vadodara, India, district
Valsad, India, district
Ambala, India, district
Bhiwani, India, district
Charkhi Dadri, India, district
Faridabad, India, district
Fatehabad, India, district
Gurugram (Gurgaon), India, district
Hisar, India, district
Jhajjar, India, district
Jind, India, district
Kaithal, India, district
Karnal, India, district
Kurukshetra, India, district
Mahendragarh, India, district
Nuh, India, district
Palwal, India, district
Panchkula, India, district
Panipat, India, district
Rewari, India, district
Rohtak, India, district
Sirsa, India, district
Sonipat, India, district
Yamunanagar, India, district
Biaspur, India, district
Chamba, India, district
Hamirpur, India, district
Kangra, India, district
Kinnaur, India, district
Kullu, India, district
Lahaul and Spiti, India, district
Mandi, India, district
Shimla, India, district
Sirmaur (Sirmour), India, district
Solan, India, district
Una, India, district
Anantnag, India, district
Bandipora, India, district
Baramulla, India, district
Budgam, India, district
Doda, India, district
Ganderbal, India, district
Jammu, India, district
Kathua, India, district
Kishtwar, India, district
Kulgam, India, district
Kupwara, India, district
Poonch, India, district
Pulwama, India, district
Rajouri, India, district
Ramban, India, district
Reasi, India, district
Samba, India, district
Shopian, India, district
Srinagar, India, district
Udhampur, India, district
Bokaro, India, district
Chatra, India, district
Deoghar, India, district
Dhanbad, India, district
Dumka, India, district
East Singhbhum (Jamshedpur), India, district
Garhwa, India, district
Giridih, India, district
Godda, India, district
Gumla, India, district
Hazaribagh, India, district
Jamtara, India, district
Khunti, India, district
Koderma, India, district
Latehar, India, district
Lohardaga, India, district
Pakur, India, district
Palamu, India, district
Ramgarh, India, district
Ranchi, India, district
Sahebganj, India, district
Seraikela-Kharsawan, India, district
Simdega, India, district
West Singhbhum (Chaibasa), India, district
Bagalkot, India, district
Ballari (Bellary), India, district
Belagavi (Belgaum), India, district
Bengaluru Rural, India, district
Bengaluru Urban, India, district
Bidar, India, district
Chamarajanagar, India, district
Chikballapur, India, district
Chikkamagaluru (Chikmagalur), India, district
Chitradurga, India, district
Dakshina Kannada, India, district
Davanagere, India, district
Dharwad, India, district
Gadag, India, district
Hassan, India, district
Haveri, India, district
Kalaburagi (Gulbarga), India, district
Kodagu (Coorg), India, district
Kolar, India, district
Koppal, India, district
Mandya, India, district
Mysuru (Mysore), India, district
Raichur, India, district
Ramanagara, India, district
Shivamogga (Shimoga), India, district
Tumakuru (Tumkur), India, district
Udupi, India, district
Uttara Kannada (Karwar), India, district
Vijayapura (Bijapur), India, district
Yadgir, India, district
Alappuzha (Alleppey), India, district
Ernakulam, India, district
Idukki, India, district
Kannur, India, district
Kasaragod, India, district
Kollam, India, district
Kottayam, India, district
Kozhikode (Calicut), India, district
Malappuram, India, district
Palakkad (Palghat), India, district
Pathanamthitta, India, district
Thiruvananthapuram (Trivandrum), India, district
Thrissur (Trichur), India, district
Wayanad, India, district
Agar Malwa, India, district
Alirajpur, India, district
Anuppur, India, district
Ashoknagar, India, district
Balaghat, India, district
Barwani, India, district
Betul, India, district
Bhind, India, district
Bhopal, India, district
Burhanpur, India, district
Chhatarpur, India, district
Chhindwara, India, district
Damoh, India, district
Datia, India, district
Dewas, India, district
Dhar, India, district
Dindori, India, district
Guna, India, district
Gwalior, India, district
Harda, India, district
Hoshangabad, India, district
Indore, India, district
Jabalpur, India, district
Jhabua, India, district
Katni, India, district
Khandwa, India, district
Khargone, India, district
Mandla, India, district
Mandsaur, India, district
Morena, India, district
Narsinghpur, India, district
Neemuch, India, district
Niwari, India, district
Panna, India, district
Raisen, India, district
Rajgarh, India, district
Ratlam, India, district
Rewa, India, district
Sagar, India, district
Satna, India, district
Sehore, India, district
Seoni, India, district
Shahdol, India, district
Shajapur, India, district
Sheopur, India, district
Shivpuri, India, district
Sidhi, India, district
Singrauli, India, district
Tikamgarh, India, district
Ujjain, India, district
Umaria, India, district
Vidisha, India, district
Ahmednagar, India, district
Akola, India, district
Amravati, India, district
Aurangabad, India, district
Beed, India, district
Bhandara, India, district
Buldhana, India, district
Chandrapur, India, district
Dhule, India, district
Gadchiroli, India, district
Gondia, India, district
Hingoli, India, district
Jalgaon, India, district
Jalna, India, district
Kolhapur, India, district
Latur, India, district
Mumbai City, India, district
Mumbai Suburban, India, district
Nagpur, India, district
Nanded, India, district
Nandurbar, India, district
Nashik, India, district
Osmanabad, India, district
Palghar, India, district
Parbhani, India, district
Pune, India, district
Raigad, India, district
Ratnagiri, India, district
Sangli, India, district
Satara, India, district
Sindhudurg, India, district
Solapur, India, district
Thane, India, district
Wardha, India, district
Washim, India, district
Yavatmal, India, district
Bishnupur, India, district
Chandel, India, district
Churachandpur, India, district
Imphal East, India, district
Imphal West, India, district
Jiribam, India, district
Kakching, India, district
Kamjong, India, district
Kangpokpi, India, district
Noney, India, district
Pherzawl, India, district
Senapati, India, district
Tamenglong, India, district
Tengnoupal, India, district
Thoubal, India, district
Ukhrul, India, district
East Garo Hills, India, district
East Jaintia Hills, India, district
East Khasi Hills, India, district
North Garo Hills, India, district
Ri-Bhoi, India, district
South Garo Hills, India, district
South West Garo Hills, India, district
South West Khasi Hills, India, district
West Garo Hills, India, district
West Jaintia Hills, India, district
West Khasi Hills, India, district
Aizawl East, India, district
Aizawl West, India, district
Champhai, India, district
Hnahthial, India, district
Khawzawl, India, district
Kolasib, India, district
Lawngtlai, India, district
Lunglei, India, district
Mamit, India, district
Saiha, India, district
Saitual, India, district
Serchhip, India, district
Dimapur, India, district
Kiphire, India, district
Kohima, India, district
Longleng, India, district
Mokokchung, India, district
Mon, India, district
Peren, India, district
Phek, India, district
Tuensang, India, district
Wokha, India, district
Zunheboto, India, district
Angul, India, district
Balangir, India, district
Balasore, India, district
Bargarh (Baragarh), India, district
Bhadrak, India, district
Boudh (Baudh), India, district
Cuttack, India, district
Debagarh (Deogarh), India, district
Dhenkanal, India, district
Gajapati, India, district
Ganjam, India, district
Jagatsinghpur, India, district
Jajpur, India, district
Jharsuguda, India, district
Kalahandi, India, district
Kandhamal, India, district
Kendrapara, India, district
Kendujhar (Keonjhar), India, district
Khordha, India, district
Koraput, India, district
Malkangiri, India, district
Mayurbhanj, India, district
Nabarangpur, India, district
Nayagarh, India, district
Nuapada, India, district
Puri, India, district
Rayagada, India, district
Sambalpur, India, district
Subarnapur (Sonepur), India, district
Sundargarh, India, district
Karaikal, India, district
Mahe, India, district
Puducherry, India, district
Yanam, India, district
Amritsar, India, district
Barnala, India, district
Bathinda, India, district
Faridkot, India, district
Fatehgarh Sahib, India, district
Fazilka, India, district
Firozpur, India, district
Gurdaspur, India, district
Hoshiarpur, India, district
Jalandhar, India, district
Kapurthala, India, district
Ludhiana, India, district
Mansa, India, district
Moga, India, district
Muktsar, India, district
Pathankot, India, district
Patiala, India, district
Rupnagar (Ropar), India, district
Sahibzada Ajit Singh Nagar (Mohali), India, district
Sangrur, India, district
Shahid Bhagat Singh Nagar (Nawanshahr), India, district
Sri Muktsar Sahib, India, district
Tarn Taran, India, district
Ajmer, India, district
Alwar, India, district
Banswara, India, district
Baran, India, district
Barmer, India, district
Bharatpur, India, district
Bhilwara, India, district
Bikaner, India, district
Bundi, India, district
Chittorgarh, India, district
Churu, India, district
Dausa, India, district
Dholpur, India, district
Dungarpur, India, district
Hanumangarh, India, district
Jaipur, India, district
Jaisalmer, India, district
Jalore, India, district
Jhalawar, India, district
Jhunjhunu, India, district
Jodhpur, India, district
Karauli, India, district
Kota, India, district
Nagaur, India, district
Pali, India, district
Pratapgarh, India, district
Rajsamand, India, district
Sawai Madhopur, India, district
Sikar, India, district
Sirohi, India, district
Sri Ganganagar, India, district
Tonk, India, district
Udaipur, India, district
East Sikkim, India, district
North Sikkim, India, district
South Sikkim, India, district
West Sikkim, India, district
Ariyalur, India, district
Chengalpattu, India, district
Chennai, India, district
Coimbatore, India, district
Cuddalore, India, district
Dharmapuri, India, district
Dindigul, India, district
Erode, India, district
Kallakurichi, India, district
Kanchipuram, India, district
Kanyakumari, India, district
Karur, India, district
Krishnagiri, India, district
Madurai, India, district
Nagapattinam, India, district
Namakkal, India, district
Nilgiris, India, district
Perambalur, India, district
Pudukkottai, India, district
Ramanathapuram, India, district
Ranipet, India, district
Salem, India, district
Sivaganga, India, district
Tenkasi, India, district
Thanjavur, India, district
Theni, India, district
Thoothukudi (Tuticorin), India, district
Tiruchirappalli (Trichy), India, district
Tirunelveli, India, district
Tirupathur, India, district
Tiruppur, India, district
Tiruvallur, India, district
Tiruvannamalai, India, district
Tiruvarur, India, district
Vellore, India, district
Viluppuram, India, district
Virudhunagar, India, district
Adilabad, India, district
Bhadradri Kothagudem, India, district
Hyderabad, India, district
Jagtial, India, district
Jangaon, India, district
Jayashankar Bhupalpally, India, district
Jogulamba Gadwal, India, district
Kamareddy, India, district
Karimnagar, India, district
Khammam, India, district
Kumuram Bheem Asifabad, India, district
Mahabubabad, India, district
Mahabubnagar, India, district
Mancherial, India, district
Medak, India, district
Medchal–Malkajgiri, India, district
Mulugu, India, district
Nagarkurnool, India, district
Nalgonda, India, district
Narayanpet, India, district
Nirmal, India, district
Nizamabad, India, district
Peddapalli, India, district
Rajanna Sircilla, India, district
Rangareddy, India, district
Sangareddy, India, district
Siddipet, India, district
Suryapet, India, district
Vikarabad, India, district
Wanaparthy, India, district
Warangal Rural, India, district
Warangal Urban, India, district
Yadadri Bhuvanagiri, India, district
Dhalai, India, district
Gomati, India, district
Khowai, India, district
North Tripura, India, district
Sepahijala, India, district
South Tripura, India, district
Unakoti, India, district
West Tripura, India, district
Agra, India, district
Aligarh, India, district
Ambedkar Nagar, India, district
Amethi, India, district
Amroha, India, district
Auraiya, India, district
Ayodhya, India, district
Azamgarh, India, district
Baghpat, India, district
Bahraich, India, district
Ballia, India, district
Balrampur, India, district
Banda, India, district
Barabanki, India, district
Bareilly, India, district
Basti, India, district
Bhadohi, India, district
Bijnor, India, district
Budaun, India, district
Bulandshahr, India, district
Chandauli, India, district
Chitrakoot, India, district
Deoria, India, district
Etah, India, district
Etawah, India, district
Farrukhabad, India, district
Fatehpur, India, district
Firozabad, India, district
Gautam Buddh Nagar, India, district
Ghaziabad, India, district
Ghazipur, India, district
Gonda, India, district
Gorakhpur, India, district
Hamirpur, India, district
Hapur, India, district
Hardoi, India, district
Hathras, India, district
Jalaun, India, district
Jaunpur, India, district
Jhansi, India, district
Kannauj, India, district
Kanpur Dehat, India, district
Kanpur Nagar, India, district
Kasganj, India, district
Kaushambi, India, district
Kushinagar, India, district
Lakhimpur Kheri, India, district
Lalitpur, India, district
Lucknow, India, district
Maharajganj, India, district
Mahoba, India, district
Mainpuri, India, district
Mathura, India, district
Mau, India, district
Meerut, India, district
Mirzapur, India, district
Moradabad, India, district
Muzaffarnagar, India, district
Pilibhit, India, district
Pratapgarh, India, district
Prayagraj (Allahabad), India, district
Raebareli, India, district
Rampur, India, district
Saharanpur, India, district
Sambhal, India, district
Sant Kabir Nagar, India, district
Shahjahanpur, India, district
Shamli, India, district
Shravasti, India, district
Siddharthnagar, India, district
Sitapur, India, district
Sonbhadra, India, district
Sultanpur, India, district
Unnao, India, district
Varanasi, India, district
Almora, India, district
Bageshwar, India, district
Chamoli, India, district
Champawat, India, district
Dehradun, India, district
Haridwar, India, district
Nainital, India, district
Pauri Garhwal, India, district
Pithoragarh, India, district
Rudraprayag, India, district
Tehri Garhwal, India, district
Udham Singh Nagar, India, district
Uttarkashi, India, district
Alipurduar, India, district
Bankura, India, district
Birbhum, India, district
Cooch Behar, India, district
Dakshin Dinajpur (South Dinajpur), India, district
Darjeeling, India, district
Hooghly, India, district
Howrah, India, district
Jalpaiguri, India, district
Jhargram, India, district
Kalimpong, India, district
Kolkata, India, district
Malda, India, district
Murshidabad, India, district
Nadia, India, district
North 24 Parganas, India, district
Paschim Medinipur (West Medinipur), India, district
Paschim Bardhaman (West Bardhaman), India, district
Purba Bardhaman (East Bardhaman), India, district
Purba Medinipur (East Medinipur), India, district
Purulia, India, district
South 24 Parganas, India, district
Uttar Dinajpur (North Dinajpur), India, district
Agrigento, Italy, City
Alessandria, Italy, City
Ancona, Italy, City
Aosta, Italy, City
Arezzo, Italy, City
Ascoli Piceno, Italy, City
Asti, Italy, City
Avellino, Italy, City
Bari, Italy, City
Barletta-Andria-Trani, Italy, City
Belluno, Italy, City
Benevento, Italy, City
Bergamo, Italy, City
Biella, Italy, City
Bologna, Italy, City
Bolzano, Italy, City
Brescia, Italy, City
Brindisi, Italy, City
Cagliari, Italy, City
Caltanissetta, Italy, City
Campobasso, Italy, City
Carbonia, Italy, City
Caserta, Italy, City
Catania, Italy, City
Catanzaro, Italy, City
Chieti, Italy, City
Como, Italy, City
Cosenza, Italy, City
Cremona, Italy, City
Crotone, Italy, City
Cuneo, Italy, City
Enna, Italy, City
Fermo, Italy, City
Ferrara, Italy, City
Firenze, Italy, City
Foggia, Italy, City
Forlì, Italy, City
Frosinone, Italy, City
Genova, Italy, City
Gorizia, Italy, City
Grosseto, Italy, City
Imperia, Italy, City
Isernia, Italy, City
La Spezia, Italy, City
L'Aquila, Italy, City
Latina, Italy, City
Lecce, Italy, City
Lecco, Italy, City
Livorno, Italy, City
Lodi, Italy, City
Lucca, Italy, City
Macerata, Italy, City
Mantova, Italy, City
Massa, Italy, City
Matera, Italy, City
Messina, Italy, City
Milano, Italy, City
Modena, Italy, City
Monza, Italy, City
Napoli, Italy, City
Novara, Italy, City
Nuoro, Italy, City
Oristano, Italy, City
Padova, Italy, City
Palermo, Italy, City
Parma, Italy, City
Pavia, Italy, City
Perugia, Italy, City
Pesaro, Italy, City
Pescara, Italy, City
Piacenza, Italy, City
Pisa, Italy, City
Pistoia, Italy, City
Pordenone, Italy, City
Potenza, Italy, City
Prato, Italy, City
Ragusa, Italy, City
Ravenna, Italy, City
Reggio, Italy, City
Reggio Calabria, Italy, City
Rieti, Italy, City
Rimini, Italy, City
Roma, Italy, City
Rovigo, Italy, City
Salerno, Italy, City
Sassari, Italy, City
Savona, Italy, City
Siena, Italy, City
Siracusa, Italy, City
Sondrio, Italy, City
Taranto, Italy, City
Teramo, Italy, City
Terni, Italy, City
Torino, Italy, City
Trapani, Italy, City
Trento, Italy, City
Treviso, Italy, City
Trieste, Italy, City
Udine, Italy, City
Varese, Italy, City
Venezia, Italy, City
Verbania, Italy, City
Vercelli, Italy, City
Verona, Italy, City
Vibo Valentia, Italy, City
Vicenza, Italy, City
Viterbo, Italy, City
